{
    "accuracy": 0.9358752166377816,
    "precision": 0.8981481481481481,
    "recall": 0.60625,
    "auc": 0.9289612676056338
}
