{
    "accuracy": 0.9382379654859219,
    "precision": 0.9150943396226415,
    "recall": 0.6217948717948718,
    "auc": 0.9309150725817394
}
